# Copyright (C) 1991-2016 Altera Corporation. All rights reserved.
# Your use of Altera Corporation's design tools, logic functions 
# and other software and tools, and its AMPP partner logic 
# functions, and any output files from any of the foregoing 
# (including device programming or simulation files), and any 
# associated documentation or information are expressly subject 
# to the terms and conditions of the Altera Program License 
# Subscription Agreement, the Altera Quartus Prime License Agreement,
# the Altera MegaCore Function License Agreement, or other 
# applicable license agreement, including, without limitation, 
# that your use is for the sole purpose of programming logic 
# devices manufactured by Altera and sold by Altera or its 
# authorized distributors.  Please refer to the applicable 
# agreement for further details.

# Quartus Prime Version 16.0.0 Build 211 04/27/2016 SJ Standard Edition
# File: C:\Users\mkhuat\Documents\ee371\Lab2\LockSystem\LockSystem.csv
# Generated on: Sun Apr 30 15:53:29 2017

# Note: The column header names should not be changed if you wish to import this .csv file into the Quartus Prime software.

To,Direction,Location,I/O Bank,VREF Group,I/O Standard,Reserved,Current Strength,Slew Rate,Differential Pair,Transceiver Analog Settings Protocol,VCCR_GXB/VCCT_GXB Voltage,Transceiver I/O Pin Termination,Transceiver Dedicated Refclk Pin Termination,Transmitter Common Mode Driver Voltage,Transmitter Slew Rate Control,Transmitter Differential Output Voltage,Receiver Buffer Common Mode Voltage,Strict Preservation
HEX0[6],Output,PIN_AH28,5A,B5A_N0,,,,,,,,,,,,,,
HEX0[5],Output,PIN_AG28,5A,B5A_N0,,,,,,,,,,,,,,
HEX0[4],Output,PIN_AF28,5A,B5A_N0,,,,,,,,,,,,,,
HEX0[3],Output,PIN_AG27,5A,B5A_N0,,,,,,,,,,,,,,
HEX0[2],Output,PIN_AE28,5A,B5A_N0,,,,,,,,,,,,,,
HEX0[1],Output,PIN_AE27,5A,B5A_N0,,,,,,,,,,,,,,
HEX0[0],Output,PIN_AE26,5A,B5A_N0,,,,,,,,,,,,,,
HEX1[6],Output,PIN_AD27,5A,B5A_N0,,,,,,,,,,,,,,
HEX1[5],Output,PIN_AF30,5A,B5A_N0,,,,,,,,,,,,,,
HEX1[4],Output,PIN_AF29,5A,B5A_N0,,,,,,,,,,,,,,
HEX1[3],Output,PIN_AG30,5A,B5A_N0,,,,,,,,,,,,,,
HEX1[2],Output,PIN_AH30,5A,B5A_N0,,,,,,,,,,,,,,
HEX1[1],Output,PIN_AH29,5A,B5A_N0,,,,,,,,,,,,,,
HEX1[0],Output,PIN_AJ29,5A,B5A_N0,,,,,,,,,,,,,,
HEX2[6],Output,PIN_AC30,5B,B5B_N0,,,,,,,,,,,,,,
HEX2[5],Output,PIN_AC29,5B,B5B_N0,,,,,,,,,,,,,,
HEX2[4],Output,PIN_AD30,5B,B5B_N0,,,,,,,,,,,,,,
HEX2[3],Output,PIN_AC28,5B,B5B_N0,,,,,,,,,,,,,,
HEX2[2],Output,PIN_AD29,5B,B5B_N0,,,,,,,,,,,,,,
HEX2[1],Output,PIN_AE29,5B,B5B_N0,,,,,,,,,,,,,,
HEX2[0],Output,PIN_AB23,5A,B5A_N0,,,,,,,,,,,,,,
HEX3[6],Output,PIN_AB22,5A,B5A_N0,,,,,,,,,,,,,,
HEX3[5],Output,PIN_AB25,5A,B5A_N0,,,,,,,,,,,,,,
HEX3[4],Output,PIN_AB28,5B,B5B_N0,,,,,,,,,,,,,,
HEX3[3],Output,PIN_AC25,5A,B5A_N0,,,,,,,,,,,,,,
HEX3[2],Output,PIN_AD25,5A,B5A_N0,,,,,,,,,,,,,,
HEX3[1],Output,PIN_AC27,5A,B5A_N0,,,,,,,,,,,,,,
HEX3[0],Output,PIN_AD26,5A,B5A_N0,,,,,,,,,,,,,,
HEX4[6],Output,PIN_W25,5B,B5B_N0,,,,,,,,,,,,,,
HEX4[5],Output,PIN_V23,5A,B5A_N0,,,,,,,,,,,,,,
HEX4[4],Output,PIN_W24,5A,B5A_N0,,,,,,,,,,,,,,
HEX4[3],Output,PIN_W22,5A,B5A_N0,,,,,,,,,,,,,,
HEX4[2],Output,PIN_Y24,5A,B5A_N0,,,,,,,,,,,,,,
HEX4[1],Output,PIN_Y23,5A,B5A_N0,,,,,,,,,,,,,,
HEX4[0],Output,PIN_AA24,5A,B5A_N0,,,,,,,,,,,,,,
HEX5[6],Output,PIN_AA25,5A,B5A_N0,,,,,,,,,,,,,,
HEX5[5],Output,PIN_AA26,5B,B5B_N0,,,,,,,,,,,,,,
HEX5[4],Output,PIN_AB26,5A,B5A_N0,,,,,,,,,,,,,,
HEX5[3],Output,PIN_AB27,5B,B5B_N0,,,,,,,,,,,,,,
HEX5[2],Output,PIN_Y27,5B,B5B_N0,,,,,,,,,,,,,,
HEX5[1],Output,PIN_AA28,5B,B5B_N0,,,,,,,,,,,,,,
HEX5[0],Output,PIN_V25,5B,B5B_N0,,,,,,,,,,,,,,
clk,Input,PIN_AF14,3B,B3B_N0,,,,,,,,,,,,,,
dec_water_level,Input,PIN_W15,3B,B3B_N0,,,,,,,,,,,,,,
inc_water_level,Input,PIN_AA15,3B,B3B_N0,,,,,,,,,,,,,,
inner_door_openable_led,Output,PIN_V18,4A,B4A_N0,,,,,,,,,,,,,,
inner_door_sw,Input,PIN_AF10,3A,B3A_N0,,,,,,,,,,,,,,
inner_gondola_arrival_sw,Input,PIN_AB12,3A,B3A_N0,,,,,,,,,,,,,,
inner_gondola_led,Output,PIN_V16,4A,B4A_N0,,,,,,,,,,,,,,
outer_door_openable_led,Output,PIN_V17,4A,B4A_N0,,,,,,,,,,,,,,
outer_door_sw,Input,PIN_AF9,3A,B3A_N0,,,,,,,,,,,,,,
outer_gondola_arrival_sw,Input,PIN_AC12,3A,B3A_N0,,,,,,,,,,,,,,
outer_gondola_led,Output,PIN_W16,4A,B4A_N0,,,,,,,,,,,,,,
reset,Input,PIN_AA14,3B,B3B_N0,,,,,,,,,,,,,,
